
USE PottersSupplies;
/*
INSERT INTO StoreLocations VALUES ('1','Detroit')
INSERT INTO StoreLocations VALUES ('2','Chicago')
INSERT INTO StoreLocations VALUES ('3','New York')
INSERT INTO StoreLocations VALUES ('4','San Francisco')
INSERT INTO StoreLocations VALUES ('5','Denver')
INSERT INTO StoreLocations VALUES ('6','Saint Louis')
INSERT INTO StoreLocations VALUES ('7','Phoenix')
INSERT INTO StoreLocations VALUES ('8','Portland')
INSERT INTO StoreLocations VALUES ('9','Seattle')
INSERT INTO StoreLocations VALUES ('10','Austin')
INSERT INTO StoreLocations VALUES ('11','Atlanta')


INSERT INTO ZipCode VALUES ('01257','Sheffield','MA','USA')
INSERT INTO ZipCode VALUES ('04330','Augusta','ME','USA')
INSERT INTO ZipCode VALUES ('06108','Hartford','CT','USA')
INSERT INTO ZipCode VALUES ('07175','Newark','NJ','USA')
INSERT INTO ZipCode VALUES ('08085','Swedesboro','NJ','USA')
INSERT INTO ZipCode VALUES ('10012','New York','NY','USA')
INSERT INTO ZipCode VALUES ('10018','New York','NY','USA')
INSERT INTO ZipCode VALUES ('10025','New York','NY','USA')
INSERT INTO ZipCode VALUES ('12230','Albany','NY','USA')
INSERT INTO ZipCode VALUES ('28710','Bat Cave','NC','USA')
INSERT INTO ZipCode VALUES ('28803','Asheville','NC','USA')
INSERT INTO ZipCode VALUES ('29307','Spartanburg','SC','USA')
INSERT INTO ZipCode VALUES ('31119','Atlanta','GA','USA')
INSERT INTO ZipCode VALUES ('32399','Tallahassee','FL','USA')
INSERT INTO ZipCode VALUES ('37122','Nashville','TN','USA')
INSERT INTO ZipCode VALUES ('40059','Louisville','KY','USA')
INSERT INTO ZipCode VALUES ('40505','Lexington','KY','USA')
INSERT INTO ZipCode VALUES ('46254','Indianapolis','IN','USA')
INSERT INTO ZipCode VALUES ('48208','Detroit','MI','USA')
INSERT INTO ZipCode VALUES ('50313','Des Moines','IA','USA')
INSERT INTO ZipCode VALUES ('59112','Des Moines','IA','USA')
INSERT INTO ZipCode VALUES ('60610','Chicago','IL','USA')
INSERT INTO ZipCode VALUES ('63119','Saint Louis','MO','USA')
INSERT INTO ZipCode VALUES ('70114','New Orleans','LA','USA')
INSERT INTO ZipCode VALUES ('75061','Dallas','TX','USA')
INSERT INTO ZipCode VALUES ('75149','Mesquite','TX','USA')
INSERT INTO ZipCode VALUES ('78660','Austin','TX','USA')
INSERT INTO ZipCode VALUES ('78718','Austin','TX','USA')
INSERT INTO ZipCode VALUES ('80022','Denver','CO','USA')
INSERT INTO ZipCode VALUES ('83708','Boise','ID','USA')
INSERT INTO ZipCode VALUES ('85050','Phoenix','AZ','USA')
INSERT INTO ZipCode VALUES ('87107','Albuquerque','NM','USA')
INSERT INTO ZipCode VALUES ('91710','Chino','CA','USA')
INSERT INTO ZipCode VALUES ('91746','City of Industry','CA','USA')
INSERT INTO ZipCode VALUES ('94126','San Francisco','CA','USA')
INSERT INTO ZipCode VALUES ('95076','Watsonville','CA','USA')
INSERT INTO ZipCode VALUES ('95564','Eureka','CA','USA')
INSERT INTO ZipCode VALUES ('97206','Portland','OR','USA')
INSERT INTO ZipCode VALUES ('98216','Seattle','WA','USA')

INSERT INTO Employees VALUES ('001','John','Doe','1')
INSERT INTO Employees VALUES ('002','Clay','Smith','2')
INSERT INTO Employees VALUES ('003','Erin','Potter','3')
INSERT INTO Employees VALUES ('004','Jake','Nardon','4')
INSERT INTO Employees VALUES ('005','Tim','Jones','5')
INSERT INTO Employees VALUES ('006','Samantha','Johnson','6')
INSERT INTO Employees VALUES ('007','Joel','Cherrico','7')
INSERT INTO Employees VALUES ('008','Rose','Kabat','8')
INSERT INTO Employees VALUES ('009','Armin','Tolkien','9')
INSERT INTO Employees VALUES ('010','Janesha','Thomas','10')
INSERT INTO Employees VALUES ('011','Raquelle','Welch','11')
INSERT INTO Employees VALUES ('012','Kristen','Abrams','1')
INSERT INTO Employees VALUES ('013','Shoji','Nguyen','2')
INSERT INTO Employees VALUES ('014','Gwyn','Boyd','3')
INSERT INTO Employees VALUES ('015','Lloyd','Orwell','4')
INSERT INTO Employees VALUES ('016','Hans','Britton','5')
INSERT INTO Employees VALUES ('017','Camille','Beckens','6')
INSERT INTO Employees VALUES ('018','Sherrod','Owens','7')
INSERT INTO Employees VALUES ('019','Amy','Wilson','8')
INSERT INTO Employees VALUES ('020','Makeda','Knowles','9')
INSERT INTO Employees VALUES ('021','Junko','Kitma','10')
INSERT INTO Employees VALUES ('022','Alice','Hrben','2')
INSERT INTO Employees VALUES ('023','Sam','OReilly','3')
INSERT INTO Employees VALUES ('024','Hans','VanSutton','4')
*/
/*
INSERT INTO Customers VALUES ('900001','Alicia','Botkin','7900 E. Willis Street',NULL,'48208')
INSERT INTO Customers VALUES ('900002','James','Rainier','10067 10th Street','924','10012')
INSERT INTO Customers VALUES ('900003','Jesse','Pilson','570 Damon Ave','10C','60610')
INSERT INTO Customers VALUES ('900004','Alex','Wills','90012 State Street',NULL,'10018')
INSERT INTO Customers VALUES ('900005','Emma','Brandt','4519 Sunshine Drive','2B','63119')
INSERT INTO Customers VALUES ('900006','Katie','Graggin','1234 Hilltop Way',NULL,'28803')
INSERT INTO Customers VALUES ('900007','Janet','Little','345 Pearl Street',NULL,'70114')
INSERT INTO Customers VALUES ('900008','Aaron','Wainer','3576 Sable Court',NULL,'32399')
INSERT INTO Customers VALUES ('900009','Cindy','Spedoni','2100 Washington Ave','1D','12230')
INSERT INTO Customers VALUES ('900010','Ranesh','Patel','70098 Harrow Ave',NULL,'10025')
INSERT INTO Customers VALUES ('900011','Ima','Platton','79 Ingram Street',NULL,'07175')
INSERT INTO Customers VALUES ('900012','Kurt','McReady','6890 Kinney Court',NULL,'78718')
INSERT INTO Customers VALUES ('900014','Jason','Sender','4310 South 15th Street',NULL,'75061')
INSERT INTO Customers VALUES ('900015','Charles','Simpson','5619 Delmar Ave',NULL,'83708')
INSERT INTO Customers VALUES ('900016','Kailee','Klobe','6679 Russ Street',NULL, '06108')
INSERT INTO Customers VALUES ('900017','Sarah','Schneider','6753 Nanz Court',NULL,'40059')
INSERT INTO Customers VALUES ('900018','Megan','DeMeer','9065 Penny Lane',NULL,'37122')
INSERT INTO Customers VALUES ('900013','Tyreque','Jones','3790 North 41st Street',NULL,'98126')
INSERT INTO Customers VALUES ('900019','Jack','Bishop','7900 West Hearn Road','16A','85050')
INSERT INTO Customers VALUES ('900020','Keisha','Donovan','2910 Glenview Drive',NULL,'78660')
INSERT INTO Customers VALUES ('900021','Kyle','Zeiler','10065 Broadway Ave',NULL,'50313')
INSERT INTO Customers VALUES ('900022','Thomas','Noble','6740 Miles Steet',NULL,'50313')
INSERT INTO Customers VALUES ('900023','Alex','Morris','2665 Grand Ave',NULL,'59112')
INSERT INTO Customers VALUES ('900024','Cindy','Schmidt','9009 Beverly Court','230','94126')
INSERT INTO Customers VALUES ('900025','Dorris','Nottingham','4021 Martense Ave',NULL,'95564')
INSERT INTO Customers VALUES ('900026','Ezekiel','Simpson','2819 Pine Street',NULL,'04330')
INSERT INTO Customers VALUES ('900027','Skyler','North','5570 Bridge Street',NULL,'04330')
INSERT INTO Customers VALUES ('900028','Jamal','Lamar','1908 Tapner Drive',NULL,'31119')
INSERT INTO Customers VALUES ('900013','Tristen','Jones','3790 North 41st Street', NULL, '98216')

INSERT INTO Orders VALUES ('1000','2/1/2020','449.99','900001', '001', '1')
INSERT INTO Orders VALUES ('1001','2/1/2020','19.99','900002', '003', '3')
INSERT INTO Orders VALUES ('1002','2/1/2020','13.34','900003', '022', '2')
INSERT INTO Orders VALUES ('1003','2/2/2020','21.40','900004', '023', '3')
INSERT INTO Orders VALUES ('1004','2/2/2020','1529.99','900005', '017', '6')
INSERT INTO Orders VALUES ('1005','2/2/2020','99.49','900006', '011', '11')
INSERT INTO Orders VALUES ('1006','2/2/2020','29.03','900007', '011', '11')
INSERT INTO Orders VALUES ('1007','2/2/2020','649.99','900008', '011', '11')
INSERT INTO Orders VALUES ('1008','2/2/2020','10.75','900008', '014', '3')
INSERT INTO Orders VALUES ('1009','2/3/2020','26.48','900010', '023', '3')
INSERT INTO Orders VALUES ('1010','2/3/2020','3000.99','900011', '014', '3')
INSERT INTO Orders VALUES ('1011','2/3/2020','153.40','900012', '021', '10')
INSERT INTO Orders VALUES ('1012','2/3/2020','11.94','900013', '020', '9')
INSERT INTO Orders VALUES ('1013','2/3/2020','14.97','900014', '010', '10')
INSERT INTO Orders VALUES ('1014','2/3/2020','449.99','900015', '005', '5')
INSERT INTO Orders VALUES ('1015','2/4/2020','3.99','900016', '014', '3')
INSERT INTO Orders VALUES ('1016','2/4/2020','32.97','900017', '017', '7')
INSERT INTO Orders VALUES ('1017','2/4/2020','15.78','900018', '007', '7')
INSERT INTO Orders VALUES ('1018','2/4/2020','13.34','900019', '018', '7')
INSERT INTO Orders VALUES ('1019','2/5/2020','2059.91','900020', '021', '10')
INSERT INTO Orders VALUES ('1020','2/5/2020','6.99','900021', '016', '5')
INSERT INTO Orders VALUES ('1021','2/5/2020','153.86','900022', '013', '2')
INSERT INTO Orders VALUES ('1022','2/5/2020','59.97','900023', '016', '5')
INSERT INTO Orders VALUES ('1023','2/5/2020','10.70','900024', '015', '4')
INSERT INTO Orders VALUES ('1024','2/5/2020','67.96','900025', '004', '4')
INSERT INTO Orders VALUES ('1025','2/6/2020','1065.99','900026', '008', '8')
INSERT INTO Orders VALUES ('1026','2/6/2020','13.34','900027', '003', '3')
INSERT INTO Orders VALUES ('1027','2/6/2020','66.70','900028', '011', '11')
*/



/*
NOTE: For Suppliers, Products, and ItemsOrderd table data, I used the Import Flat File 
feature in Tasks and uploaded CSV files. I then added the constraints and created indices.
*/
